{
  "30-systemd-environment-d-generator(8)": "https://www.freedesktop.org/software/systemd/man/30-systemd-environment-d-generator.html",
  "binfmt.d(5)": "https://www.freedesktop.org/software/systemd/man/binfmt.d.html",
  "bootctl(1)": "https://www.freedesktop.org/software/systemd/man/bootctl.html",
  "bootup(7)": "https://www.freedesktop.org/software/systemd/man/bootup.html",
  "btrbk(1)": "https://digint.ch/btrbk/doc/btrbk.1.html",
  "busctl(1)": "https://www.freedesktop.org/software/systemd/man/busctl.html",
  "cat(1)": "https://www.gnu.org/software/coreutils/manual/html_node/cat-invocation.html",
  "coredump.conf(5)": "https://www.freedesktop.org/software/systemd/man/coredump.conf.html",
  "coredump.conf.d(5)": "https://www.freedesktop.org/software/systemd/man/coredump.conf.d.html",
  "coredumpctl(1)": "https://www.freedesktop.org/software/systemd/man/coredumpctl.html",
  "crypttab(5)": "https://www.freedesktop.org/software/systemd/man/crypttab.html",
  "curl(1)": "https://curl.se/docs/manpage.html",
  "daemon(7)": "https://www.freedesktop.org/software/systemd/man/daemon.html",
  "dnssec-trust-anchors.d(5)": "https://www.freedesktop.org/software/systemd/man/dnssec-trust-anchors.d.html",
  "environment.d(5)": "https://www.freedesktop.org/software/systemd/man/environment.d.html",
  "extension-release(5)": "https://www.freedesktop.org/software/systemd/man/extension-release.html",
  "file-hierarchy(7)": "https://www.freedesktop.org/software/systemd/man/file-hierarchy.html",
  "gnunet.conf(5)": "https://docs.gnunet.org/latest/users/configuration.html",
  "group(5)": "https://man.archlinux.org/man/group.5",
  "halt(8)": "https://www.freedesktop.org/software/systemd/man/halt.html",
  "homectl(1)": "https://www.freedesktop.org/software/systemd/man/homectl.html",
  "homed.conf(5)": "https://www.freedesktop.org/software/systemd/man/homed.conf.html",
  "homed.conf.d(5)": "https://www.freedesktop.org/software/systemd/man/homed.conf.d.html",
  "hostname(5)": "https://www.freedesktop.org/software/systemd/man/hostname.html",
  "hostnamectl(1)": "https://www.freedesktop.org/software/systemd/man/hostnamectl.html",
  "hwdb(7)": "https://www.freedesktop.org/software/systemd/man/hwdb.html",
  "init(1)": "https://www.freedesktop.org/software/systemd/man/init.html",
  "initrd-release(5)": "https://www.freedesktop.org/software/systemd/man/initrd-release.html",
  "integritytab(5)": "https://www.freedesktop.org/software/systemd/man/integritytab.html",
  "iocost.conf(5)": "https://www.freedesktop.org/software/systemd/man/iocost.conf.html",
  "journal-remote.conf(5)": "https://www.freedesktop.org/software/systemd/man/journal-remote.conf.html",
  "journal-remote.conf.d(5)": "https://www.freedesktop.org/software/systemd/man/journal-remote.conf.d.html",
  "journal-upload.conf(5)": "https://www.freedesktop.org/software/systemd/man/journal-upload.conf.html",
  "journal-upload.conf.d(5)": "https://www.freedesktop.org/software/systemd/man/journal-upload.conf.d.html",
  "journalctl(1)": "https://www.freedesktop.org/software/systemd/man/journalctl.html",
  "journald.conf(5)": "https://www.freedesktop.org/software/systemd/man/journald.conf.html",
  "journald.conf.d(5)": "https://www.freedesktop.org/software/systemd/man/journald.conf.d.html",
  "journald@.conf(5)": "https://www.freedesktop.org/software/systemd/man/journald@.conf.html",
  "kernel-command-line(7)": "https://www.freedesktop.org/software/systemd/man/kernel-command-line.html",
  "kernel-install(8)": "https://www.freedesktop.org/software/systemd/man/kernel-install.html",
  "libnss_myhostname.so.2(8)": "https://www.freedesktop.org/software/systemd/man/libnss_myhostname.so.2.html",
  "libnss_mymachines.so.2(8)": "https://www.freedesktop.org/software/systemd/man/libnss_mymachines.so.2.html",
  "libnss_resolve.so.2(8)": "https://www.freedesktop.org/software/systemd/man/libnss_resolve.so.2.html",
  "libnss_systemd.so.2(8)": "https://www.freedesktop.org/software/systemd/man/libnss_systemd.so.2.html",
  "linuxaa64.efi.stub(7)": "https://www.freedesktop.org/software/systemd/man/linuxaa64.efi.stub.html",
  "linuxia32.efi.stub(7)": "https://www.freedesktop.org/software/systemd/man/linuxia32.efi.stub.html",
  "linuxx64.efi.stub(7)": "https://www.freedesktop.org/software/systemd/man/linuxx64.efi.stub.html",
  "loader.conf(5)": "https://www.freedesktop.org/software/systemd/man/loader.conf.html",
  "locale.conf(5)": "https://www.freedesktop.org/software/systemd/man/locale.conf.html",
  "localectl(1)": "https://www.freedesktop.org/software/systemd/man/localectl.html",
  "localtime(5)": "https://www.freedesktop.org/software/systemd/man/localtime.html",
  "login.defs(5)": "https://man.archlinux.org/man/login.defs.5",
  "loginctl(1)": "https://www.freedesktop.org/software/systemd/man/loginctl.html",
  "logind.conf(5)": "https://www.freedesktop.org/software/systemd/man/logind.conf.html",
  "logind.conf.d(5)": "https://www.freedesktop.org/software/systemd/man/logind.conf.d.html",
  "machine-id(5)": "https://www.freedesktop.org/software/systemd/man/machine-id.html",
  "machine-info(5)": "https://www.freedesktop.org/software/systemd/man/machine-info.html",
  "machinectl(1)": "https://www.freedesktop.org/software/systemd/man/machinectl.html",
  "mksquashfs(1)": "https://man.archlinux.org/man/extra/squashfs-tools/mksquashfs.1.en",
  "modules-load.d(5)": "https://www.freedesktop.org/software/systemd/man/modules-load.d.html",
  "mount.ddi(1)": "https://www.freedesktop.org/software/systemd/man/mount.ddi.html",
  "mpd(1)": "https://mpd.readthedocs.io/en/latest/mpd.1.html",
  "mpd.conf(5)": "https://mpd.readthedocs.io/en/latest/mpd.conf.5.html",
  "netrc(5)": "https://man.cx/netrc",
  "networkctl(1)": "https://www.freedesktop.org/software/systemd/man/networkctl.html",
  "networkd.conf(5)": "https://www.freedesktop.org/software/systemd/man/networkd.conf.html",
  "networkd.conf.d(5)": "https://www.freedesktop.org/software/systemd/man/networkd.conf.d.html",
  "nix-shell(1)": "https://nixos.org/manual/nix/stable/command-ref/nix-shell.html",
  "nix.conf(5)": "https://nixos.org/manual/nix/stable/command-ref/conf-file.html",
  "nss-myhostname(8)": "https://www.freedesktop.org/software/systemd/man/nss-myhostname.html",
  "nss-mymachines(8)": "https://www.freedesktop.org/software/systemd/man/nss-mymachines.html",
  "nss-resolve(8)": "https://www.freedesktop.org/software/systemd/man/nss-resolve.html",
  "nss-systemd(8)": "https://www.freedesktop.org/software/systemd/man/nss-systemd.html",
  "oomctl(1)": "https://www.freedesktop.org/software/systemd/man/oomctl.html",
  "oomd.conf(5)": "https://www.freedesktop.org/software/systemd/man/oomd.conf.html",
  "oomd.conf.d(5)": "https://www.freedesktop.org/software/systemd/man/oomd.conf.d.html",
  "org.freedesktop.LogControl1(5)": "https://www.freedesktop.org/software/systemd/man/org.freedesktop.LogControl1.html",
  "org.freedesktop.home1(5)": "https://www.freedesktop.org/software/systemd/man/org.freedesktop.home1.html",
  "org.freedesktop.hostname1(5)": "https://www.freedesktop.org/software/systemd/man/org.freedesktop.hostname1.html",
  "org.freedesktop.import1(5)": "https://www.freedesktop.org/software/systemd/man/org.freedesktop.import1.html",
  "org.freedesktop.locale1(5)": "https://www.freedesktop.org/software/systemd/man/org.freedesktop.locale1.html",
  "org.freedesktop.login1(5)": "https://www.freedesktop.org/software/systemd/man/org.freedesktop.login1.html",
  "org.freedesktop.machine1(5)": "https://www.freedesktop.org/software/systemd/man/org.freedesktop.machine1.html",
  "org.freedesktop.network1(5)": "https://www.freedesktop.org/software/systemd/man/org.freedesktop.network1.html",
  "org.freedesktop.oom1(5)": "https://www.freedesktop.org/software/systemd/man/org.freedesktop.oom1.html",
  "org.freedesktop.portable1(5)": "https://www.freedesktop.org/software/systemd/man/org.freedesktop.portable1.html",
  "org.freedesktop.resolve1(5)": "https://www.freedesktop.org/software/systemd/man/org.freedesktop.resolve1.html",
  "org.freedesktop.systemd1(5)": "https://www.freedesktop.org/software/systemd/man/org.freedesktop.systemd1.html",
  "org.freedesktop.timedate1(5)": "https://www.freedesktop.org/software/systemd/man/org.freedesktop.timedate1.html",
  "os-release(5)": "https://www.freedesktop.org/software/systemd/man/os-release.html",
  "pam_systemd(8)": "https://www.freedesktop.org/software/systemd/man/pam_systemd.html",
  "pam_systemd_home(8)": "https://www.freedesktop.org/software/systemd/man/pam_systemd_home.html",
  "passwd(5)": "https://man.archlinux.org/man/passwd.5",
  "portablectl(1)": "https://www.freedesktop.org/software/systemd/man/portablectl.html",
  "portals.conf(5)": "https://github.com/flatpak/xdg-desktop-portal/blob/1.18.1/doc/portals.conf.rst.in",
  "poweroff(8)": "https://www.freedesktop.org/software/systemd/man/poweroff.html",
  "pstore.conf(5)": "https://www.freedesktop.org/software/systemd/man/pstore.conf.html",
  "pstore.conf.d(5)": "https://www.freedesktop.org/software/systemd/man/pstore.conf.d.html",
  "reboot(8)": "https://www.freedesktop.org/software/systemd/man/reboot.html",
  "repart.d(5)": "https://www.freedesktop.org/software/systemd/man/repart.d.html",
  "resolvconf(1)": "https://www.freedesktop.org/software/systemd/man/resolvconf.html",
  "resolvectl(1)": "https://www.freedesktop.org/software/systemd/man/resolvectl.html",
  "resolved.conf(5)": "https://www.freedesktop.org/software/systemd/man/resolved.conf.html",
  "resolved.conf.d(5)": "https://www.freedesktop.org/software/systemd/man/resolved.conf.d.html",
  "sd-boot(7)": "https://www.freedesktop.org/software/systemd/man/sd-boot.html",
  "sd-stub(7)": "https://www.freedesktop.org/software/systemd/man/sd-stub.html",
  "shutdown(8)": "https://www.freedesktop.org/software/systemd/man/shutdown.html",
  "sleep.conf.d(5)": "https://www.freedesktop.org/software/systemd/man/sleep.conf.d.html",
  "smbios-type-11(7)": "https://www.freedesktop.org/software/systemd/man/smbios-type-11.html",
  "sysctl.d(5)": "https://www.freedesktop.org/software/systemd/man/sysctl.d.html",
  "system.conf.d(5)": "https://www.freedesktop.org/software/systemd/man/system.conf.d.html",
  "systemctl(1)": "https://www.freedesktop.org/software/systemd/man/systemctl.html",
  "systemd(1)": "https://www.freedesktop.org/software/systemd/man/systemd.html",
  "systemd-ac-power(1)": "https://www.freedesktop.org/software/systemd/man/systemd-ac-power.html",
  "systemd-analyze(1)": "https://www.freedesktop.org/software/systemd/man/systemd-analyze.html",
  "systemd-ask-password(1)": "https://www.freedesktop.org/software/systemd/man/systemd-ask-password.html",
  "systemd-ask-password-console.path(8)": "https://www.freedesktop.org/software/systemd/man/systemd-ask-password-console.path.html",
  "systemd-ask-password-console.service(8)": "https://www.freedesktop.org/software/systemd/man/systemd-ask-password-console.service.html",
  "systemd-ask-password-wall.path(8)": "https://www.freedesktop.org/software/systemd/man/systemd-ask-password-wall.path.html",
  "systemd-ask-password-wall.service(8)": "https://www.freedesktop.org/software/systemd/man/systemd-ask-password-wall.service.html",
  "systemd-backlight(8)": "https://www.freedesktop.org/software/systemd/man/systemd-backlight.html",
  "systemd-backlight@.service(8)": "https://www.freedesktop.org/software/systemd/man/systemd-backlight@.service.html",
  "systemd-battery-check(8)": "https://www.freedesktop.org/software/systemd/man/systemd-battery-check.html",
  "systemd-binfmt(8)": "https://www.freedesktop.org/software/systemd/man/systemd-binfmt.html",
  "systemd-bless-boot(8)": "https://www.freedesktop.org/software/systemd/man/systemd-bless-boot.html",
  "systemd-bless-boot-generator(8)": "https://www.freedesktop.org/software/systemd/man/systemd-bless-boot-generator.html",
  "systemd-boot(7)": "https://www.freedesktop.org/software/systemd/man/systemd-boot.html",
  "systemd-boot-check-no-failures(8)": "https://www.freedesktop.org/software/systemd/man/systemd-boot-check-no-failures.html",
  "systemd-boot-random-seed.service(8)": "https://www.freedesktop.org/software/systemd/man/systemd-boot-random-seed.service.html",
  "systemd-cat(1)": "https://www.freedesktop.org/software/systemd/man/systemd-cat.html",
  "systemd-cgls(1)": "https://www.freedesktop.org/software/systemd/man/systemd-cgls.html",
  "systemd-cgtop(1)": "https://www.freedesktop.org/software/systemd/man/systemd-cgtop.html",
  "systemd-confext(8)": "https://www.freedesktop.org/software/systemd/man/systemd-confext.html",
  "systemd-confext.service(8)": "https://www.freedesktop.org/software/systemd/man/systemd-confext.service.html",
  "systemd-coredump(8)": "https://www.freedesktop.org/software/systemd/man/systemd-coredump.html",
  "systemd-coredump.socket(8)": "https://www.freedesktop.org/software/systemd/man/systemd-coredump.socket.html",
  "systemd-coredump@.service(8)": "https://www.freedesktop.org/software/systemd/man/systemd-coredump@.service.html",
  "systemd-creds(1)": "https://www.freedesktop.org/software/systemd/man/systemd-creds.html",
  "systemd-cryptenroll(1)": "https://www.freedesktop.org/software/systemd/man/systemd-cryptenroll.html",
  "systemd-cryptsetup(8)": "https://www.freedesktop.org/software/systemd/man/systemd-cryptsetup.html",
  "systemd-cryptsetup-generator(8)": "https://www.freedesktop.org/software/systemd/man/systemd-cryptsetup-generator.html",
  "systemd-cryptsetup@.service(8)": "https://www.freedesktop.org/software/systemd/man/systemd-cryptsetup@.service.html",
  "systemd-debug-generator(8)": "https://www.freedesktop.org/software/systemd/man/systemd-debug-generator.html",
  "systemd-delta(1)": "https://www.freedesktop.org/software/systemd/man/systemd-delta.html",
  "systemd-detect-virt(1)": "https://www.freedesktop.org/software/systemd/man/systemd-detect-virt.html",
  "systemd-dissect(1)": "https://www.freedesktop.org/software/systemd/man/systemd-dissect.html",
  "systemd-environment-d-generator(8)": "https://www.freedesktop.org/software/systemd/man/systemd-environment-d-generator.html",
  "systemd-escape(1)": "https://www.freedesktop.org/software/systemd/man/systemd-escape.html",
  "systemd-fsck(8)": "https://www.freedesktop.org/software/systemd/man/systemd-fsck.html",
  "systemd-fsck-root.service(8)": "https://www.freedesktop.org/software/systemd/man/systemd-fsck-root.service.html",
  "systemd-fsck-usr.service(8)": "https://www.freedesktop.org/software/systemd/man/systemd-fsck-usr.service.html",
  "systemd-fsck@.service(8)": "https://www.freedesktop.org/software/systemd/man/systemd-fsck@.service.html",
  "systemd-fstab-generator(8)": "https://www.freedesktop.org/software/systemd/man/systemd-fstab-generator.html",
  "systemd-getty-generator(8)": "https://www.freedesktop.org/software/systemd/man/systemd-getty-generator.html",
  "systemd-gpt-auto-generator(8)": "https://www.freedesktop.org/software/systemd/man/systemd-gpt-auto-generator.html",
  "systemd-growfs(8)": "https://www.freedesktop.org/software/systemd/man/systemd-growfs.html",
  "systemd-growfs-root.service(8)": "https://www.freedesktop.org/software/systemd/man/systemd-growfs-root.service.html",
  "systemd-growfs@.service(8)": "https://www.freedesktop.org/software/systemd/man/systemd-growfs@.service.html",
  "systemd-halt.service(8)": "https://www.freedesktop.org/software/systemd/man/systemd-halt.service.html",
  "systemd-hibernate-resume(8)": "https://www.freedesktop.org/software/systemd/man/systemd-hibernate-resume.html",
  "systemd-hibernate-resume-generator(8)": "https://www.freedesktop.org/software/systemd/man/systemd-hibernate-resume-generator.html",
  "systemd-hibernate.service(8)": "https://www.freedesktop.org/software/systemd/man/systemd-hibernate.service.html",
  "systemd-homed(8)": "https://www.freedesktop.org/software/systemd/man/systemd-homed.html",
  "systemd-hostnamed(8)": "https://www.freedesktop.org/software/systemd/man/systemd-hostnamed.html",
  "systemd-hwdb(8)": "https://www.freedesktop.org/software/systemd/man/systemd-hwdb.html",
  "systemd-hybrid-sleep.service(8)": "https://www.freedesktop.org/software/systemd/man/systemd-hybrid-sleep.service.html",
  "systemd-id128(1)": "https://www.freedesktop.org/software/systemd/man/systemd-id128.html",
  "systemd-importd(8)": "https://www.freedesktop.org/software/systemd/man/systemd-importd.html",
  "systemd-inhibit(1)": "https://www.freedesktop.org/software/systemd/man/systemd-inhibit.html",
  "systemd-integritysetup(8)": "https://www.freedesktop.org/software/systemd/man/systemd-integritysetup.html",
  "systemd-integritysetup-generator(8)": "https://www.freedesktop.org/software/systemd/man/systemd-integritysetup-generator.html",
  "systemd-integritysetup@.service(8)": "https://www.freedesktop.org/software/systemd/man/systemd-integritysetup@.service.html",
  "systemd-journal-gatewayd(8)": "https://www.freedesktop.org/software/systemd/man/systemd-journal-gatewayd.html",
  "systemd-journal-gatewayd.socket(8)": "https://www.freedesktop.org/software/systemd/man/systemd-journal-gatewayd.socket.html",
  "systemd-journal-remote(8)": "https://www.freedesktop.org/software/systemd/man/systemd-journal-remote.html",
  "systemd-journal-remote.socket(8)": "https://www.freedesktop.org/software/systemd/man/systemd-journal-remote.socket.html",
  "systemd-journal-upload(8)": "https://www.freedesktop.org/software/systemd/man/systemd-journal-upload.html",
  "systemd-journald(8)": "https://www.freedesktop.org/software/systemd/man/systemd-journald.html",
  "systemd-journald-audit.socket(8)": "https://www.freedesktop.org/software/systemd/man/systemd-journald-audit.socket.html",
  "systemd-journald-dev-log.socket(8)": "https://www.freedesktop.org/software/systemd/man/systemd-journald-dev-log.socket.html",
  "systemd-journald-varlink@.socket(8)": "https://www.freedesktop.org/software/systemd/man/systemd-journald-varlink@.socket.html",
  "systemd-journald.socket(8)": "https://www.freedesktop.org/software/systemd/man/systemd-journald.socket.html",
  "systemd-journald@.service(8)": "https://www.freedesktop.org/software/systemd/man/systemd-journald@.service.html",
  "systemd-journald@.socket(8)": "https://www.freedesktop.org/software/systemd/man/systemd-journald@.socket.html",
  "systemd-kexec.service(8)": "https://www.freedesktop.org/software/systemd/man/systemd-kexec.service.html",
  "systemd-localed(8)": "https://www.freedesktop.org/software/systemd/man/systemd-localed.html",
  "systemd-logind(8)": "https://www.freedesktop.org/software/systemd/man/systemd-logind.html",
  "systemd-machine-id-commit.service(8)": "https://www.freedesktop.org/software/systemd/man/systemd-machine-id-commit.service.html",
  "systemd-machine-id-setup(1)": "https://www.freedesktop.org/software/systemd/man/systemd-machine-id-setup.html",
  "systemd-machined(8)": "https://www.freedesktop.org/software/systemd/man/systemd-machined.html",
  "systemd-makefs(8)": "https://www.freedesktop.org/software/systemd/man/systemd-makefs.html",
  "systemd-makefs@.service(8)": "https://www.freedesktop.org/software/systemd/man/systemd-makefs@.service.html",
  "systemd-measure(1)": "https://www.freedesktop.org/software/systemd/man/systemd-measure.html",
  "systemd-mkswap@.service(8)": "https://www.freedesktop.org/software/systemd/man/systemd-mkswap@.service.html",
  "systemd-modules-load(8)": "https://www.freedesktop.org/software/systemd/man/systemd-modules-load.html",
  "systemd-mount(1)": "https://www.freedesktop.org/software/systemd/man/systemd-mount.html",
  "systemd-network-generator(8)": "https://www.freedesktop.org/software/systemd/man/systemd-network-generator.html",
  "systemd-networkd(8)": "https://www.freedesktop.org/software/systemd/man/systemd-networkd.html",
  "systemd-networkd-wait-online(8)": "https://www.freedesktop.org/software/systemd/man/systemd-networkd-wait-online.html",
  "systemd-networkd-wait-online@.service(8)": "https://www.freedesktop.org/software/systemd/man/systemd-networkd-wait-online@.service.html",
  "systemd-notify(1)": "https://www.freedesktop.org/software/systemd/man/systemd-notify.html",
  "systemd-nspawn(1)": "https://www.freedesktop.org/software/systemd/man/systemd-nspawn.html",
  "systemd-oomd(8)": "https://www.freedesktop.org/software/systemd/man/systemd-oomd.html",
  "systemd-path(1)": "https://www.freedesktop.org/software/systemd/man/systemd-path.html",
  "systemd-pcrfs-root.service(8)": "https://www.freedesktop.org/software/systemd/man/systemd-pcrfs-root.service.html",
  "systemd-pcrfs@.service(8)": "https://www.freedesktop.org/software/systemd/man/systemd-pcrfs@.service.html",
  "systemd-pcrmachine.service(8)": "https://www.freedesktop.org/software/systemd/man/systemd-pcrmachine.service.html",
  "systemd-pcrphase(8)": "https://www.freedesktop.org/software/systemd/man/systemd-pcrphase.html",
  "systemd-pcrphase-initrd.service(8)": "https://www.freedesktop.org/software/systemd/man/systemd-pcrphase-initrd.service.html",
  "systemd-pcrphase-sysinit.service(8)": "https://www.freedesktop.org/software/systemd/man/systemd-pcrphase-sysinit.service.html",
  "systemd-portabled(8)": "https://www.freedesktop.org/software/systemd/man/systemd-portabled.html",
  "systemd-poweroff.service(8)": "https://www.freedesktop.org/software/systemd/man/systemd-poweroff.service.html",
  "systemd-pstore(8)": "https://www.freedesktop.org/software/systemd/man/systemd-pstore.html",
  "systemd-random-seed(8)": "https://www.freedesktop.org/software/systemd/man/systemd-random-seed.html",
  "systemd-reboot.service(8)": "https://www.freedesktop.org/software/systemd/man/systemd-reboot.service.html",
  "systemd-remount-fs(8)": "https://www.freedesktop.org/software/systemd/man/systemd-remount-fs.html",
  "systemd-repart(8)": "https://www.freedesktop.org/software/systemd/man/systemd-repart.html",
  "systemd-repart.service(8)": "https://www.freedesktop.org/software/systemd/man/systemd-repart.service.html",
  "systemd-resolved(8)": "https://www.freedesktop.org/software/systemd/man/systemd-resolved.html",
  "systemd-rfkill(8)": "https://www.freedesktop.org/software/systemd/man/systemd-rfkill.html",
  "systemd-rfkill.socket(8)": "https://www.freedesktop.org/software/systemd/man/systemd-rfkill.socket.html",
  "systemd-run(1)": "https://www.freedesktop.org/software/systemd/man/systemd-run.html",
  "systemd-run-generator(8)": "https://www.freedesktop.org/software/systemd/man/systemd-run-generator.html",
  "systemd-shutdown(8)": "https://www.freedesktop.org/software/systemd/man/systemd-shutdown.html",
  "systemd-sleep(8)": "https://www.freedesktop.org/software/systemd/man/systemd-sleep.html",
  "systemd-sleep.conf(5)": "https://www.freedesktop.org/software/systemd/man/systemd-sleep.conf.html",
  "systemd-socket-activate(1)": "https://www.freedesktop.org/software/systemd/man/systemd-socket-activate.html",
  "systemd-socket-proxyd(8)": "https://www.freedesktop.org/software/systemd/man/systemd-socket-proxyd.html",
  "systemd-soft-reboot.service(8)": "https://www.freedesktop.org/software/systemd/man/systemd-soft-reboot.service.html",
  "systemd-stdio-bridge(1)": "https://www.freedesktop.org/software/systemd/man/systemd-stdio-bridge.html",
  "systemd-stub(7)": "https://www.freedesktop.org/software/systemd/man/systemd-stub.html",
  "systemd-suspend-then-hibernate.service(8)": "https://www.freedesktop.org/software/systemd/man/systemd-suspend-then-hibernate.service.html",
  "systemd-suspend.service(8)": "https://www.freedesktop.org/software/systemd/man/systemd-suspend.service.html",
  "systemd-sysctl(8)": "https://www.freedesktop.org/software/systemd/man/systemd-sysctl.html",
  "systemd-sysext(8)": "https://www.freedesktop.org/software/systemd/man/systemd-sysext.html",
  "systemd-sysext.service(8)": "https://www.freedesktop.org/software/systemd/man/systemd-sysext.service.html",
  "systemd-system-update-generator(8)": "https://www.freedesktop.org/software/systemd/man/systemd-system-update-generator.html",
  "systemd-system.conf(5)": "https://www.freedesktop.org/software/systemd/man/systemd-system.conf.html",
  "systemd-sysupdate(8)": "https://www.freedesktop.org/software/systemd/man/systemd-sysupdate.html",
  "systemd-sysupdate-reboot.service(8)": "https://www.freedesktop.org/software/systemd/man/systemd-sysupdate-reboot.service.html",
  "systemd-sysupdate-reboot.timer(8)": "https://www.freedesktop.org/software/systemd/man/systemd-sysupdate-reboot.timer.html",
  "systemd-sysupdate.service(8)": "https://www.freedesktop.org/software/systemd/man/systemd-sysupdate.service.html",
  "systemd-sysupdate.timer(8)": "https://www.freedesktop.org/software/systemd/man/systemd-sysupdate.timer.html",
  "systemd-sysusers(8)": "https://www.freedesktop.org/software/systemd/man/systemd-sysusers.html",
  "systemd-sysusers.service(8)": "https://www.freedesktop.org/software/systemd/man/systemd-sysusers.service.html",
  "systemd-time-wait-sync(8)": "https://www.freedesktop.org/software/systemd/man/systemd-time-wait-sync.html",
  "systemd-timedated(8)": "https://www.freedesktop.org/software/systemd/man/systemd-timedated.html",
  "systemd-timesyncd(8)": "https://www.freedesktop.org/software/systemd/man/systemd-timesyncd.html",
  "systemd-tmpfiles(8)": "https://www.freedesktop.org/software/systemd/man/systemd-tmpfiles.html",
  "systemd-tmpfiles-clean.service(8)": "https://www.freedesktop.org/software/systemd/man/systemd-tmpfiles-clean.service.html",
  "systemd-tmpfiles-clean.timer(8)": "https://www.freedesktop.org/software/systemd/man/systemd-tmpfiles-clean.timer.html",
  "systemd-tmpfiles-setup-dev-early.service(8)": "https://www.freedesktop.org/software/systemd/man/systemd-tmpfiles-setup-dev-early.service.html",
  "systemd-tmpfiles-setup-dev.service(8)": "https://www.freedesktop.org/software/systemd/man/systemd-tmpfiles-setup-dev.service.html",
  "systemd-tmpfiles-setup.service(8)": "https://www.freedesktop.org/software/systemd/man/systemd-tmpfiles-setup.service.html",
  "systemd-tty-ask-password-agent(1)": "https://www.freedesktop.org/software/systemd/man/systemd-tty-ask-password-agent.html",
  "systemd-udev-settle.service(8)": "https://www.freedesktop.org/software/systemd/man/systemd-udev-settle.service.html",
  "systemd-udevd(8)": "https://www.freedesktop.org/software/systemd/man/systemd-udevd.html",
  "systemd-udevd-control.socket(8)": "https://www.freedesktop.org/software/systemd/man/systemd-udevd-control.socket.html",
  "systemd-udevd-kernel.socket(8)": "https://www.freedesktop.org/software/systemd/man/systemd-udevd-kernel.socket.html",
  "systemd-umount(1)": "https://www.freedesktop.org/software/systemd/man/systemd-umount.html",
  "systemd-update-done(8)": "https://www.freedesktop.org/software/systemd/man/systemd-update-done.html",
  "systemd-update-utmp(8)": "https://www.freedesktop.org/software/systemd/man/systemd-update-utmp.html",
  "systemd-update-utmp-runlevel.service(8)": "https://www.freedesktop.org/software/systemd/man/systemd-update-utmp-runlevel.service.html",
  "systemd-user-runtime-dir(5)": "https://www.freedesktop.org/software/systemd/man/systemd-user-runtime-dir.html",
  "systemd-user-sessions(8)": "https://www.freedesktop.org/software/systemd/man/systemd-user-sessions.html",
  "systemd-user.conf(5)": "https://www.freedesktop.org/software/systemd/man/systemd-user.conf.html",
  "systemd-userdbd(8)": "https://www.freedesktop.org/software/systemd/man/systemd-userdbd.html",
  "systemd-vconsole-setup(8)": "https://www.freedesktop.org/software/systemd/man/systemd-vconsole-setup.html",
  "systemd-veritysetup(8)": "https://www.freedesktop.org/software/systemd/man/systemd-veritysetup.html",
  "systemd-veritysetup-generator(8)": "https://www.freedesktop.org/software/systemd/man/systemd-veritysetup-generator.html",
  "systemd-veritysetup@.service(8)": "https://www.freedesktop.org/software/systemd/man/systemd-veritysetup@.service.html",
  "systemd-volatile-root(8)": "https://www.freedesktop.org/software/systemd/man/systemd-volatile-root.html",
  "systemd-xdg-autostart-generator(8)": "https://www.freedesktop.org/software/systemd/man/systemd-xdg-autostart-generator.html",
  "systemd.automount(5)": "https://www.freedesktop.org/software/systemd/man/systemd.automount.html",
  "systemd.device(5)": "https://www.freedesktop.org/software/systemd/man/systemd.device.html",
  "systemd.directives(7)": "https://www.freedesktop.org/software/systemd/man/systemd.directives.html",
  "systemd.dnssd(5)": "https://www.freedesktop.org/software/systemd/man/systemd.dnssd.html",
  "systemd.environment-generator(7)": "https://www.freedesktop.org/software/systemd/man/systemd.environment-generator.html",
  "systemd.exec(5)": "https://www.freedesktop.org/software/systemd/man/systemd.exec.html",
  "systemd.generator(7)": "https://www.freedesktop.org/software/systemd/man/systemd.generator.html",
  "systemd.image-policy(7)": "https://www.freedesktop.org/software/systemd/man/systemd.image-policy.html",
  "systemd.index(7)": "https://www.freedesktop.org/software/systemd/man/systemd.index.html",
  "systemd.journal-fields(7)": "https://www.freedesktop.org/software/systemd/man/systemd.journal-fields.html",
  "systemd.kill(5)": "https://www.freedesktop.org/software/systemd/man/systemd.kill.html",
  "systemd.link(5)": "https://www.freedesktop.org/software/systemd/man/systemd.link.html",
  "systemd.mount(5)": "https://www.freedesktop.org/software/systemd/man/systemd.mount.html",
  "systemd.negative(5)": "https://www.freedesktop.org/software/systemd/man/systemd.negative.html",
  "systemd.net-naming-scheme(7)": "https://www.freedesktop.org/software/systemd/man/systemd.net-naming-scheme.html",
  "systemd.netdev(5)": "https://www.freedesktop.org/software/systemd/man/systemd.netdev.html",
  "systemd.network(5)": "https://www.freedesktop.org/software/systemd/man/systemd.network.html",
  "systemd.nspawn(5)": "https://www.freedesktop.org/software/systemd/man/systemd.nspawn.html",
  "systemd.offline-updates(7)": "https://www.freedesktop.org/software/systemd/man/systemd.offline-updates.html",
  "systemd.path(5)": "https://www.freedesktop.org/software/systemd/man/systemd.path.html",
  "systemd.positive(5)": "https://www.freedesktop.org/software/systemd/man/systemd.positive.html",
  "systemd.preset(5)": "https://www.freedesktop.org/software/systemd/man/systemd.preset.html",
  "systemd.resource-control(5)": "https://www.freedesktop.org/software/systemd/man/systemd.resource-control.html",
  "systemd.scope(5)": "https://www.freedesktop.org/software/systemd/man/systemd.scope.html",
  "systemd.service(5)": "https://www.freedesktop.org/software/systemd/man/systemd.service.html",
  "systemd.slice(5)": "https://www.freedesktop.org/software/systemd/man/systemd.slice.html",
  "systemd.socket(5)": "https://www.freedesktop.org/software/systemd/man/systemd.socket.html",
  "systemd.special(7)": "https://www.freedesktop.org/software/systemd/man/systemd.special.html",
  "systemd.swap(5)": "https://www.freedesktop.org/software/systemd/man/systemd.swap.html",
  "systemd.syntax(7)": "https://www.freedesktop.org/software/systemd/man/systemd.syntax.html",
  "systemd.system-credentials(7)": "https://www.freedesktop.org/software/systemd/man/systemd.system-credentials.html",
  "systemd.target(5)": "https://www.freedesktop.org/software/systemd/man/systemd.target.html",
  "systemd.time(7)": "https://www.freedesktop.org/software/systemd/man/systemd.time.html",
  "systemd.timer(5)": "https://www.freedesktop.org/software/systemd/man/systemd.timer.html",
  "systemd.unit(5)": "https://www.freedesktop.org/software/systemd/man/systemd.unit.html",
  "sysupdate.d(5)": "https://www.freedesktop.org/software/systemd/man/sysupdate.d.html",
  "sysusers.d(5)": "https://www.freedesktop.org/software/systemd/man/sysusers.d.html",
  "timedatectl(1)": "https://www.freedesktop.org/software/systemd/man/timedatectl.html",
  "timesyncd.conf(5)": "https://www.freedesktop.org/software/systemd/man/timesyncd.conf.html",
  "timesyncd.conf.d(5)": "https://www.freedesktop.org/software/systemd/man/timesyncd.conf.d.html",
  "tmpfiles.d(5)": "https://www.freedesktop.org/software/systemd/man/tmpfiles.d.html",
  "udev(7)": "https://www.freedesktop.org/software/systemd/man/udev.html",
  "udev.conf(5)": "https://www.freedesktop.org/software/systemd/man/udev.conf.html",
  "udevadm(8)": "https://www.freedesktop.org/software/systemd/man/udevadm.html",
  "unshare(1)": "https://man.archlinux.org/man/unshare.1.en",
  "user-runtime-dir@.service(5)": "https://www.freedesktop.org/software/systemd/man/user-runtime-dir@.service.html",
  "user.conf.d(5)": "https://www.freedesktop.org/software/systemd/man/user.conf.d.html",
  "user@.service(5)": "https://www.freedesktop.org/software/systemd/man/user@.service.html",
  "userdbctl(1)": "https://www.freedesktop.org/software/systemd/man/userdbctl.html",
  "vconsole.conf(5)": "https://www.freedesktop.org/software/systemd/man/vconsole.conf.html",
  "veritytab(5)": "https://www.freedesktop.org/software/systemd/man/veritytab.html"
}
