name,rockspec,ref,server,version,luaversion,maintainers
alt-getopt,,,,,,arobyn
ansicolors,,,,,,Freed-Wu
argparse,,,,,,
basexx,,,,,,
binaryheap,,,,,,vcunat
bit32,,,,5.3.0-1,5.1,lblasc
busted,,,,,,
busted-htest,,,,,,mrcjkb
cassowary,,,,,,alerque
cldr,,,,,,alerque
commons.nvim,,,,,,mrcjkb
compat53,,,,,,vcunat
cosmo,,,,,,
coxpcall,,,,1.17.0-1,,
cqueues,,,,,,vcunat
cyan,,,,,,
datafile,,,,,,
digestif,,,,,5.3,
dkjson,,,,,,
fennel,,,,,,misterio77
fidget.nvim,,,,,,mrcjkb
fifo,,,,,,
fluent,,,,,,alerque
funnyfiles.nvim,,,,,,mrcjkb
fzf-lua,,,,,,mrcjkb
fzy,,,,,,mrcjkb
gitsigns.nvim,https://raw.githubusercontent.com/lewis6991/gitsigns.nvim/main/gitsigns.nvim-scm-1.rockspec,,,,5.1,
haskell-tools.nvim,,,,,,mrcjkb
http,,,,0.3-0,,vcunat
image.nvim,,,,,,teto
inspect,,,,,,
jsregexp,,,,,,
ldbus,,,http://luarocks.org/dev,,,
ldoc,,,,,,
lgi,,,,,,
linenoise,https://raw.githubusercontent.com/hoelzro/lua-linenoise/master/linenoise-0.9-1.rockspec,,,,,
ljsyscall,,,,,5.1,lblasc
llscheck,,,,,,mrcjkb
lmathx,,,,,5.3,alexshpilkin
lmpfrlib,,,,,5.3,alexshpilkin
loadkit,,,,,,alerque
lpeg,,,,,,vyp
lpeg_patterns,,,,,,
lpeglabel,,,,1.6.0,,
lrexlib-gnu,,,,,,
lrexlib-pcre,,,,,,vyp
lrexlib-posix,,,,,,
lsp-progress.nvim,,,,,,gepbird
lua-cjson,,,,,,
lua-cmsgpack,,,,,,
lua-curl,,,,,,
lua-ffi-zlib,,,,,,
lua-iconv,,,,7.0.0,,
lua-lsp,,,,,,
lua-messagepack,,,,,,
lua-protobuf,,,,,,lockejan
lua-resty-http,,,,,,
lua-resty-jwt,,,,,,
lua-resty-openidc,,,,,,
lua-resty-openssl,,,,,,
lua-resty-session,,,,,,
lua-rtoml,https://raw.githubusercontent.com/lblasc/lua-rtoml/main/lua-rtoml-0.2-0.rockspec,,,,,lblasc
lua-subprocess,https://raw.githubusercontent.com/0x0ade/lua-subprocess/master/subprocess-scm-1.rockspec,,,,5.1,scoder12
lua-term,,,,,,
lua-toml,,,,,,
lua-utils.nvim,,,,,,mrcjkb
lua-yajl,,,,,,pstn
lua-zlib,,,,,,koral
lua_cliargs,,,,,,
luabitop,https://raw.githubusercontent.com/teto/luabitop/master/luabitop-1.0.2-3.rockspec,,,,,
luacheck,,,,,,
luacov,,,,,,
luadbi,,,,,,
luadbi-mysql,,,,,,
luadbi-postgresql,,,,,,
luadbi-sqlite3,,,,,,
luaepnf,,,,,,
luaevent,,,,,,
luaexpat,,,,1.4.1-1,,arobyn flosse
luaffi,,,http://luarocks.org/dev,,,
luafilesystem,,,,1.8.0-1,,flosse
lualdap,,,,,,aanderse
lualogging,,,,,,
luaossl,,,,,5.1,
luaposix,,,,34.1.1-1,,vyp lblasc
luaprompt,,,,,,Freed-Wu
luarepl,,,,,,
luarocks,,,,,,mrcjkb teto
luarocks-build-rust-mlua,,,,,,mrcjkb
luarocks-build-treesitter-parser,,,,,,mrcjkb
luarocks-build-treesitter-parser-cpp,,,,,,mrcjkb
luasec,,,,,,flosse
luasnip,,,,,,
luasocket,,,,,,
luasql-sqlite3,,,,,,vyp
luassert,,,,,,
luasystem,,,,,,
luatext,,,,,,
luaunbound,,,,,,
luaunit,,,,,,lockejan
luautf8,,,,,,pstn
luazip,,,,,,
lusc_luv,,,,,,
lush.nvim,,,https://luarocks.org/dev,,,teto
luuid,,,,20120509-2,,
luv,,,,1.48.0-2,,
lyaml,,,,,,lblasc
lz.n,,,,,,mrcjkb
lze,,,,,,birdee
lzn-auto-require,,,,,,mrcjkb
magick,,,,,5.1,donovanglover
markdown,,,,,,
mediator_lua,,,,,,
middleclass,,,,,,
mimetypes,,,,,,
moonscript,https://raw.githubusercontent.com/leafo/moonscript/master/moonscript-dev-1.rockspec,,,,,arobyn
mpack,,,,,,
neorg,,,,,,GaetanLepage
neotest,,,,,,mrcjkb
nlua,,,,,,teto
nui.nvim,,,,,,mrcjkb
nvim-cmp,https://raw.githubusercontent.com/hrsh7th/nvim-cmp/main/nvim-cmp-scm-1.rockspec,,,,,
nvim-dbee,,,,,,perchun
nvim-nio,,,,,,mrcjkb
orgmode,,,,,,
papis-nvim,,,,,,GaetanLepage
pathlib.nvim,,,,,,
penlight,,,,,,alerque
plenary.nvim,https://raw.githubusercontent.com/nvim-lua/plenary.nvim/master/plenary.nvim-scm-1.rockspec,,,,5.1,
psl,,,,0.3,,
rapidjson,,,,,,
rest.nvim,,,,,5.1,teto
rocks-config.nvim,,,,,,mrcjkb
rocks-dev.nvim,,,,,,mrcjkb
rocks-git.nvim,,,,,,mrcjkb
rocks.nvim,,,,,,mrcjkb
rtp.nvim,,,,,,mrcjkb
rustaceanvim,,,,,,mrcjkb
say,,,,,,
serpent,,,,,,lockejan
sqlite,,,,,,
std._debug,,,,,,
std.normalize,,,,,,
stdlib,,,,41.2.2,,vyp
teal-language-server,,,,,,
telescope-manix,,,,,,
telescope.nvim,,,,,5.1,
tiktoken_core,,,,,,natsukium
tl,,,,,,mephistophiles
toml-edit,,,,,5.1,mrcjkb
tree-sitter-http,,,,0.0.33-1,,
tree-sitter-norg,,,,,5.1,mrcjkb
tree-sitter-orgmode,,,,,,
vstruct,,,,,,
vusted,,,,,,figsoda
xml2lua,,,,,,teto
